cost,accuracy
1,0.972115015753211
10,0.972703181802444
20,0.972585603988505
30,0.970938406675207
40,0.97105605373403
50,0.969879375411141
60,0.969408717930963
70,0.969055845999377
80,0.969055707509608
90,0.968584980784544
100,0.968702627843368
