cost,accuracy
1,0.971644427517917
10,0.972350171381089
20,0.971997299449503
30,0.971291209361908
40,0.969997160959734
50,0.9691734930582
60,0.969291140117024
70,0.969408648686078
80,0.969408648686078
90,0.968937921961015
100,0.968467402970606
