,cost,accuracy
0,1.0,0.9715294117647059
1,10.0,0.9729411764705882
2,20.0,0.9707058823529412
3,30.0,0.9709411764705882
4,40.0,0.9704705882352942
5,50.0,0.9703529411764705
6,60.0,0.9696470588235293
7,70.0,0.9689411764705882
8,80.0,0.9690588235294119
9,90.0,0.9690588235294119
10,100.0,0.9688235294117646
