,cost,accuracy
0,1.0,0.9712941176470589
1,10.0,0.9721176470588236
2,20.0,0.9709411764705882
3,30.0,0.9705882352941175
4,40.0,0.9702352941176471
5,50.0,0.9701176470588235
6,60.0,0.9701176470588233
7,70.0,0.97
8,80.0,0.9690588235294119
9,90.0,0.9684705882352942
10,100.0,0.9685882352941176
